<application>
  <component name="CodeInsightSettings">
    <option name="ADD_UNAMBIGIOUS_IMPORTS_ON_THE_FLY" value="true" />
  </component>
  <component name="DefaultFont">
    <option name="FONT_SIZE" value="18" />
  </component>
  <component name="EditorSettings">
    <option name="USE_SOFT_WRAPS" value="CONSOLE" />
  </component>
  <component name="InlayHintsSettings">
    <option name="lastViewedProviderKeyId" value="JavaLens" />
    <settingsMapElement>
      <JAVA.JavaLens>
        <JavaLensSettings>
          <option name="showRelatedProblems" value="false" />
          <option name="showUsages" value="true" />
        </JavaLensSettings>
      </JAVA.JavaLens>
    </settingsMapElement>
  </component>
</application>