<application>
  <component name="PostfixTemplates">
    <template id="lamq@userDefined" key=".lamq" provider="builtin.java" language-level="1.3" topmost="false">
      <conditions />
      <template name="fakeKey" value="LambdaQueryWrapper&lt;$EXPR$&gt; lqw = new LambdaQueryWrapper&lt;$EXPR$&gt;();&#10;lqw.and(wrapper -&gt; wrapper.isNull($EXPR$::getDelFlag).or().gt($EXPR$::getDelFlag, &quot;-1&quot;));&#10;$END$" toReformat="true" toShortenFQNames="true" />
    </template>
    <template id="ciem@userDefined" key=".ciem" provider="builtin.java" language-level="1.3" topmost="false">
      <conditions />
      <template name="fakeKey" value="CollectionUtils.isEmpty($EXPR$)$END$" toReformat="true" toShortenFQNames="true" />
    </template>
    <template id="newv@userDefined" key=".newv" provider="builtin.java" language-level="1.3" topmost="false">
      <conditions />
      <template name="fakeKey" value="$EXPR$ $END$$EXPR$ = new $EXPR$();" toReformat="true" toShortenFQNames="true" />
    </template>
    <template id="siem@userDefined" key=".siem" provider="builtin.java" language-level="1.3" topmost="false">
      <conditions />
      <template name="fakeKey" value="StringUtils.isEmpty($EXPR$)$END$" toReformat="true" toShortenFQNames="true" />
    </template>
  </component>
</application>